{
  "project_info": {
    "project_number": "774925948855",
    "project_id": "movie-recommender-c4785",
    "storage_bucket": "movie-recommender-c4785.appspot.com"
  },
  "client": [
    {
      "client_info": {
        "mobilesdk_app_id": "1:774925948855:android:adf6f652d495127864ba32",
        "android_client_info": {
          "package_name": "com.test.movierecommender"
        }
      },
      "oauth_client": [
        {
          "client_id": "774925948855-sg5llipt0m5p6fq6noj5tq8uoqbbjf7v.apps.googleusercontent.com",
          "client_type": 3
        }
      ],
      "api_key": [
        {
          "current_key": "AIzaSyAkkcVEMPyMNWeZcnPqYtd5HfKNAN-o0aY"
        }
      ],
      "services": {
        "appinvite_service": {
          "other_platform_oauth_client": [
            {
              "client_id": "774925948855-sg5llipt0m5p6fq6noj5tq8uoqbbjf7v.apps.googleusercontent.com",
              "client_type": 3
            }
          ]
        }
      }
    }
  ],
  "configuration_version": "1"
}